-- SQL: DML-INSERT

insert into funcionario 
	(cpf, nome, genero, dataNasc, email, salario, `status`)
    value ("147.471.771-41", "Thiago Mariano", 'M', 
    '2002-01-01', "donzelo@gmail.com", 1890.00, 1);
    
insert into funcionario 
	(cpf, nome, genero, dataNasc, email, salario, `status`)
    values ("074.740.774-00", "Saulo Melo", 'M', 
    '1999-02-21', "saulom@gmail.com", 3500.00, 1),
		("055.550.000-55", "Daniela Lopes", 'F', 
    '1985-12-23', "daniela.lopes@gmail.com", 2800.00, 1),
		("126.621.666-11", "João Victor Brayner", 'M', 
    '2004-08-26', "joaoVicBrayner@gmail.com", 1890.00, 1);
    
INSERT INTO Funcionario 
    (cpf, nome, genero, dataNasc, email, salario, `status`)
VALUES 
    ("123.456.789-01", "Carlos Alberto Souza", 'M', '1988-05-14', "carlos.souza@gmail.com", 4200.00, 1),
    ("234.567.890-12", "Mariana Castro Lima", 'F', '1992-09-30', "mariana.castro@gmail.com", 3900.00, 1),
    ("345.678.901-23", "Fernando Oliveira", 'M', '1985-03-25', "fernando.oliveira@gmail.com", 4500.00, 1),
    ("456.789.012-34", "Beatriz Santos", 'F', '1990-07-12', "beatriz.santos@gmail.com", 3800.00, 1),
    ("567.890.123-45", "Lucas Mendes", 'M', '1997-11-08', "lucas.mendes@gmail.com", 3100.00, 1),
    ("678.901.234-56", "Ana Paula Fernandes", 'F', '1983-06-17', "ana.fernandes@gmail.com", 4700.00, 1),
    ("789.012.345-67", "Rafael Martins", 'M', '1995-04-05', "rafael.martins@gmail.com", 3600.00, 1),
    ("890.123.456-78", "Juliana Ferreira", 'F', '1998-02-19', "juliana.ferreira@gmail.com", 3200.00, 1),
    ("901.234.567-89", "Thiago Almeida", 'M', '1991-12-01', "thiago.almeida@gmail.com", 4100.00, 1),
    ("012.345.678-90", "Camila Rocha", 'F', '1989-10-22', "camila.rocha@gmail.com", 3700.00, 1),
    ("112.233.344-55", "Gustavo Nogueira", 'M', '1993-03-14', "gustavo.nogueira@gmail.com", 4000.00, 1),
    ("223.344.455-66", "Sofia Ribeiro", 'F', '1994-07-09', "sofia.ribeiro@gmail.com", 3500.00, 1),
    ("334.455.566-77", "André Luiz Barbosa", 'M', '1986-01-29', "andre.barbosa@gmail.com", 4800.00, 1),
    ("445.566.677-88", "Larissa Costa", 'F', '2000-05-06', "larissa.costa@gmail.com", 2900.00, 1),
    ("556.677.788-99", "Ricardo Lima", 'M', '1996-09-12', "ricardo.lima@gmail.com", 3300.00, 1),
    ("667.788.899-00", "Fernanda Oliveira", 'F', '1987-08-20', "fernanda.oliveira@gmail.com", 4600.00, 1),
    ("778.899.900-11", "Bruno Carvalho", 'M', '1999-04-03', "bruno.carvalho@gmail.com", 3400.00, 1),
    ("889.900.011-22", "Patrícia Mendes", 'F', '1984-11-15', "patricia.mendes@gmail.com", 4900.00, 1),
    ("990.011.122-33", "Eduardo Santana", 'M', '1990-06-25', "eduardo.santana@gmail.com", 3700.00, 1),
    ("101.112.223-44", "Tatiane Araújo", 'F', '1995-02-07', "tatiane.araujo@gmail.com", 3600.00, 1);    

INSERT INTO endereco 
    (funcionario_cpf, rua, numero, comp, bairro, cidade, uf, cep)
VALUES
    ("012.345.678-90", "Rua da Aurora", 145, "Apto 302", "Boa Vista", "Recife", "PE", "50050-000"),
    ("055.550.000-55", "Avenida Getúlio Vargas", 200, NULL, "Bairro Novo", "Olinda", "PE", "53120-000"),
    ("074.740.774-00", "Rua Imperial", 512, "Casa", "São José", "Recife", "PE", "50090-000"),
    ("101.112.223-44", "Rua do Sol", 78, "Bloco B, Apto 102", "Carmo", "Olinda", "PE", "53010-200"),
    ("112.233.344-55", "Avenida Boa Viagem", 3120, "Apto 901", "Boa Viagem", "Recife", "PE", "51011-000"),
    ("123.456.789-01", "Rua do Imperador", 100, NULL, "Santo Antônio", "Recife", "PE", "50010-240"),
    ("126.621.666-11", "Rua Prudente de Morais", 310, "Casa 2", "Casa Caiada", "Olinda", "PE", "53030-090"),
    ("147.471.771-41", "Avenida Bernardo Vieira de Melo", 1500, "Apto 604", "Piedade", "Jaboatão dos Guararapes", "PE", "54400-000"),
    ("223.344.455-66", "Rua das Flores", 45, NULL, "Graças", "Recife", "PE", "52011-290"),
    ("234.567.890-12", "Rua do Amparo", 88, "Casa", "Amparo", "Olinda", "PE", "53025-080"),
    ("334.455.566-77", "Avenida Norte", 4002, "Bloco A, Apto 403", "Rosarinho", "Recife", "PE", "52041-000"),
    ("345.678.901-23", "Rua de São Bento", 300, NULL, "Varadouro", "Olinda", "PE", "53020-080"),
    ("445.566.677-88", "Rua Sete de Setembro", 210, "Casa 1", "Centro", "Jaboatão dos Guararapes", "PE", "54100-200"),
    ("456.789.012-34", "Rua das Crianças", 57, NULL, "Espinheiro", "Recife", "PE", "52020-000"),
    ("556.677.788-99", "Rua da Praia", 98, "Apto 405", "Rio Doce", "Olinda", "PE", "53080-000"),
    ("567.890.123-45", "Avenida Ayrton Senna", 222, "Casa", "Candeias", "Jaboatão dos Guararapes", "PE", "54430-000"),
    ("667.788.899-00", "Rua Conselheiro Portela", 675, NULL, "Tamarineira", "Recife", "PE", "52050-020"),
    ("678.901.234-56", "Rua XV de Novembro", 180, "Bloco C, Apto 703", "Bairro Novo", "Olinda", "PE", "53120-310"),
    ("778.899.900-11", "Rua Aníbal Falcão", 150, NULL, "Madalena", "Recife", "PE", "50710-050"),
    ("789.012.345-67", "Avenida Maria Irene", 88, "Casa", "Prazeres", "Jaboatão dos Guararapes", "PE", "54330-000"),
    ("889.900.011-22", "Rua Benfica", 289, "Bloco D, Apto 504", "Madalena", "Recife", "PE", "50720-000"),
    ("890.123.456-78", "Rua Alto da Sé", 34, NULL, "Cidade Alta", "Olinda", "PE", "53020-160"),
    ("901.234.567-89", "Rua Dr. João Suassuna", 105, "Apto 302", "Cordeiro", "Recife", "PE", "50610-290"),
    ("990.011.122-33", "Rua Visconde de Suassuna", 590, NULL, "Boa Vista", "Recife", "PE", "50050-540");

insert into telefone (numero, funcionario_cpf)
	value ("81992832343", "055.550.000-55");

INSERT INTO telefone (numero, funcionario_cpf) VALUES
    ("81992832323", "055.550.000-55"),
    ("8133225566", "074.740.774-00"),
    ("81987654321", "074.740.774-00"),
    ("81992223344", "012.345.678-90"),
    ("81991112233", "101.112.223-44"),
    ("81994445566", "112.233.344-55"),
    ("81995556677", "123.456.789-01"),
    ("81996667788", "126.621.666-11"),
    ("81997778899", "147.471.771-41"),
    ("81998889900", "223.344.455-66"),
    ("81999990011", "234.567.890-12"),
    ("8133445566", "334.455.566-77"),
    ("81990011223", "345.678.901-23"),
    ("81991122334", "445.566.677-88"),
    ("81992233445", "456.789.012-34"),
    ("81993344556", "556.677.788-99"),
    ("81994455667", "567.890.123-45"),
    ("81995566778", "667.788.899-00"),
    ("81996677889", "678.901.234-56"),
    ("81997788990", "778.899.900-11"),
    ("81998899001", "789.012.345-67"),
    ("81999900112", "889.900.011-22"),
    ("81990011234", "890.123.456-78"),
    ("81991122345", "901.234.567-89"),
    ("81992233456", "990.011.122-33"),
    ("8133556677", "990.011.122-33"); 

insert into dependente
	value ("321.645.777-88", "Isabella Melo", '2015-06-12', 'F', 
		"Filha", "074.740.774-00");

INSERT INTO dependente (cpf, nome, dataNasc, genero, parentesco, funcionario_cpf) VALUES
("987.654.321-00", "Lucas Melo", '2018-09-25', 'M', "Filho", "074.740.774-00"),
("654.987.321-11", "Mateus Lopes", '2010-03-17', 'M', "Filho", "055.550.000-55"),
("852.369.741-22", "Mariana Lopes", '2013-08-05', 'F', "Filha", "055.550.000-55"),
("741.852.963-33", "Gabriel Rocha", '2012-11-22', 'M', "Filho", "012.345.678-90"),
("159.357.258-44", "Laura Rocha", '2016-07-18', 'F', "Filha", "012.345.678-90"),
("753.951.456-55", "Beatriz Araújo", '2017-05-04', 'F', "Filha", "101.112.223-44"),
("852.147.369-66", "Lucas Araújo", '2020-01-30', 'M', "Filho", "101.112.223-44"),
("369.258.147-77", "Felipe Nogueira", '2014-09-14', 'M', "Filho", "112.233.344-55"),
("741.369.852-88", "Giovana Nogueira", '2019-06-21', 'F', "Filha", "112.233.344-55"),
("123.987.654-99", "Rafaela Souza", '2015-02-10', 'F', "Filha", "123.456.789-01"),
("951.753.852-00", "Igor Souza", '2012-12-05', 'M', "Filho", "123.456.789-01"),
("357.951.159-11", "Alice Brayner", '2016-08-22', 'F', "Filha", "126.621.666-11"),
("147.258.369-22", "Murilo Mariano", '2017-03-29', 'M', "Filho", "147.471.771-41"),
("789.654.321-33", "Sophia Ribeiro", '2014-05-06', 'F', "Filha", "223.344.455-66"),
("951.258.753-44", "Ana Lima", '2019-11-03', 'F', "Filha", "234.567.890-12"),
("123.654.987-55", "Marcos Barbosa", '2013-04-17', 'M', "Filho", "334.455.566-77"),
("369.741.258-66", "Joana Barbosa", '2021-09-12', 'F', "Filha", "334.455.566-77"),
("456.789.123-77", "Isabel Oliveira", '2018-07-08', 'F', "Filha", "345.678.901-23"),
("654.789.321-88", "Caio Oliveira", '2014-10-19', 'M', "Filho", "345.678.901-23"),
("852.654.321-99", "Matheus Costa", '2016-12-27', 'M', "Filho", "445.566.677-88"),
("753.951.654-00", "Emanuel Lima", '2011-02-14', 'M', "Filho", "556.677.788-99"),
("987.321.654-11", "Helena Mendes", '2013-06-23', 'F', "Filha", "567.890.123-45"),
("159.357.456-22", "Lívia Mendes", '2019-01-30', 'F', "Filha", "567.890.123-45"),
("741.258.963-33", "Rafael Fernandes", '2017-08-11', 'M', "Filho", "678.901.234-56"),
("951.357.852-44", "Samuel Carvalho", '2012-03-16', 'M', "Filho", "778.899.900-11"),
("123.789.456-55", "Bruna Martins", '2014-04-25', 'F', "Filha", "789.012.345-67"),
("852.369.951-66", "Ana Júlia Martins", '2020-07-22', 'F', "Filha", "789.012.345-67"),
("654.852.147-77", "Luan Santana", '2015-10-30', 'M', "Filho", "990.011.122-33");


-- SQL: INSERT DE HÓSPEDES

INSERT INTO hospede (cpf_passaporte, nome, dataNasc, email, telefone) VALUES
-- Brasileiros (48 registros)
("123.456.789-00", "Maria de Albuquerque Silva", "1980-11-20", "mariaalbuquerque@hotmail.com", "+5581978838456"),
("234.567.890-11", "João Pereira Santos", "1992-03-15", "joao.p.santos@gmail.com", "+5511987654321"),
("345.678.901-22", "Ana Costa Lima", "1985-07-30", "anacostalima@yahoo.com.br", "+5521976543210"),
("456.789.012-33", "Pedro Almeida Souza", "1978-12-05", "pedro.almeida@outlook.com", "+5531981234567"),
("567.890.123-44", "Clara Oliveira Mendes", "1990-09-12", "clara.mendes@gmail.com", "+5541972345678"),
("678.901.234-55", "Lucas Ferreira Gomes", "1983-01-25", "lucasfgomes@hotmail.com", "+5551983456789"),
("789.012.345-66", "Beatriz Santos Ribeiro", "1995-06-18", "beatriz.ribeiro@yahoo.com", "+5561974567890"),
("890.123.456-77", "Rafael Costa Pereira", "1987-04-10", "rafaelcpereira@gmail.com", "+5571985678901"),
("901.234.456-88", "Juliana Lima Torres", "1993-08-22", "juliana.torres@outlook.com", "+5581976789012"),
("012.345.678-99", "Felipe Souza Almeida", "1981-02-14", "felipe.souza@hotmail.com", "+5591987890123"),
("111.222.333-44", "Camila Mendes Oliveira", "1996-10-03", "camila.mendes@gmail.com", "+5511978901234"),
("222.333.444-55", "Gabriel Ribeiro Santos", "1989-05-27", "gabrielrsantos@yahoo.com.br", "+5521989012345"),
("333.444.555-66", "Isabela Ferreira Lima", "1984-11-09", "isabelaflima@outlook.com", "+5531970123456"),
("444.555.666-77", "Matheus Almeida Costa", "1991-07-15", "matheus.costa@gmail.com", "+5541981234567"),
("555.666.777-88", "Larissa Pereira Souza", "1986-03-21", "larissa.psouza@hotmail.com", "+5551972345678"),
("666.777.888-99", "Thiago Santos Oliveira", "1994-09-30", "thiago.s.oliveira@yahoo.com", "+5561983456789"),
("777.888.999-00", "Fernanda Lima Mendes", "1982-12-12", "fernandalima@gmail.com", "+5571974567890"),
("888.999.000-11", "Bruno Costa Ribeiro", "1997-01-08", "bruno.c.ribeiro@outlook.com", "+5581985678901"),
("999.000.111-22", "Sofia Almeida Pereira", "1988-06-25", "sofia.pereira@hotmail.com", "+5591976789012"),
("000.111.222-33", "Diego Souza Torres", "1990-04-17", "diego.torres@yahoo.com.br", "+5511987890123"),
("111.222.333-55", "Letícia Mendes Lima", "1983-08-29", "leticia.mlima@gmail.com", "+5521978901234"),
("222.333.444-66", "Gustavo Ferreira Santos", "1995-11-11", "gustavo.fsantos@outlook.com", "+5531989012345"),
("333.444.555-77", "Patrícia Oliveira Costa", "1987-02-03", "patricia.ocosta@hotmail.com", "+5541970123456"),
("444.555.666-88", "Rodrigo Pereira Almeida", "1992-10-20", "rodrigo.p.almeida@yahoo.com", "+5551981234567"),
("555.666.777-99", "Vanessa Souza Mendes", "1980-05-14", "vanessa.smendes@gmail.com", "+5561972345678"),
("666.777.888-00", "Marcelo Costa Lima", "1993-07-07", "marcelo.clima@outlook.com", "+5571983456789"),
("777.888.999-11", "Aline Ribeiro Santos", "1985-09-23", "aline.rsantos@hotmail.com", "+5581974567890"),
("888.999.000-22", "Eduardo Almeida Pereira", "1991-12-18", "eduardo.apereira@yahoo.com.br", "+5591985678901"),
("999.000.111-33", "Tatiana Lima Torres", "1989-03-09", "tatiana.torres@gmail.com", "+5511976789012"),
("000.111.222-44", "André Souza Oliveira", "1984-06-30", "andre.s.oliveira@outlook.com", "+5521987890123"),
("111.222.333-66", "Carolina Mendes Costa", "1996-08-15", "carolina.mcosta@hotmail.com", "+5531978901234"),
("222.333.444-77", "Leonardo Ferreira Lima", "1982-11-27", "leonardo.flima@yahoo.com", "+5541989012345"),
("333.444.555-88", "Mariana Pereira Santos", "1990-01-19", "mariana.psantos@gmail.com", "+5551970123456"),
("444.555.666-99", "Vinícius Almeida Souza", "1987-04-05", "vinicius.asouza@outlook.com", "+5561981234567"),
("555.666.777-00", "Renata Costa Mendes", "1994-10-28", "renata.cmendes@hotmail.com", "+5571972345678"),
("666.777.888-11", "Fábio Ribeiro Lima", "1981-07-13", "fabio.r.lima@yahoo.com.br", "+5581983456789"),
("777.888.999-22", "Jéssica Santos Pereira", "1995-02-25", "jessica.spereira@gmail.com", "+5591974567890"),
("888.999.000-33", "Ricardo Oliveira Torres", "1988-09-08", "ricardo.otorres@outlook.com", "+5511985678901"),
("999.000.111-44", "Priscila Souza Almeida", "1992-12-01", "priscila.s.almeida@hotmail.com", "+5521976789012"),
("000.111.222-55", "Daniel Mendes Costa", "1986-03-17", "daniel.mcosta@yahoo.com", "+5531987890123"),
("111.222.333-77", "Laura Ferreira Santos", "1993-05-29", "laura.fsantos@gmail.com", "+5541978901234"),
("222.333.444-88", "Alexandre Lima Pereira", "1980-08-11", "alexandre.l.pereira@outlook.com", "+5551989012345"),
("333.444.555-99", "Natália Almeida Souza", "1991-11-04", "natalia.asouza@hotmail.com", "+5561970123456"),
("444.555.666-00", "Hugo Costa Ribeiro", "1985-01-26", "hugo.c.ribeiro@yahoo.com.br", "+5571981234567"),
("555.666.777-11", "Bianca Santos Mendes", "1996-07-19", "bianca.smendes@gmail.com", "+5581972345678"),
("666.777.888-22", "Igor Oliveira Lima", "1989-10-02", "igor.o.lima@outlook.com", "+5591983456789"),
("777.888.999-33", "Débora Pereira Torres", "1983-12-15", "debora.ptorres@hotmail.com", "+5511974567890"),
("888.999.000-44", "Samuel Souza Almeida", "1990-04-08", "samuel.s.almeida@yahoo.com", "+5521985678901"),

-- Estrangeiros (32 registros)
("US00894837738", "John Michael Smith", "1985-05-10", "johnsmith85@gmail.com", "+12025550123"),
("IT74298832082", "Giulia Rossi", "1990-08-22", "giulia.rossi90@yahoo.it", "+390612345678"),
("FR84963027463", "Pierre Dubois", "1982-11-15", "pierre.dubois@orange.fr", "+33123456789"),
("JP39270457392", "Hiroshi Tanaka", "1987-03-27", "hiroshi.tanaka87@docomo.ne.jp", "+81345678901"),
("US74839201047", "Emily Johnson", "1993-07-19", "emily.johnson93@hotmail.com", "+13105550123"),
("IT39485720194", "Marco Bianchi", "1980-09-05", "marco.bianchi80@gmail.com", "+390987654321"),
("FR20493647502", "Sophie Martin", "1995-12-30", "sophie.martin95@free.fr", "+33612345678"),
("JP583792017485", "Aiko Yamada", "1988-02-14", "aiko.yamada88@softbank.jp", "+819012345678"),
("US29483510293", "David Brown", "1984-06-08", "david.brown84@yahoo.com", "+14155550123"),
("IT583592017485", "Chiara Ferrari", "1991-10-17", "chiara.ferrari91@libero.it", "+390345678901"),
("FR39485720194", "Lucie Moreau", "1989-04-23", "lucie.moreau89@gmail.com", "+33712345678"),
("JP74879201047", "Takeshi Sato", "1983-08-11", "takeshi.sato83@au.com", "+813987654321"),
("US58396017485", "Sarah Davis", "1992-01-29", "sarah.davis92@outlook.com", "+16175550123"),
("IT20498475502", "Lorenzo Ricci", "1986-07-04", "lorenzo.ricci86@yahoo.it", "+390567890123"),
("FR29685710293", "Julien Lefèvre", "1990-03-18", "julien.lefevre90@wanadoo.fr", "+33912345678"),
("JP07094273738", "Yuki Nakamura", "1981-11-26", "yuki.nakamura81@gmail.com", "+815012345678"),
("US39485720194", "Michael Wilson", "1987-09-13", "michael.wilson87@hotmail.com", "+17185550123"),
("IT75483920047", "Elena Greco", "1994-05-07", "elena.greco94@tiscali.it", "+390234567890"),
("FR58392017485", "Claire Dupont", "1983-12-21", "claire.dupont83@sfr.fr", "+33234567890"),
("JP294857810293", "Kenji Ito", "1991-06-15", "kenji.ito91@ezweb.ne.jp", "+817012345678"),
("US20493847502", "Laura Taylor", "1988-10-09", "laura.taylor88@yahoo.com", "+18195550123"),
("IT00948373638", "Andrea Colombo", "1982-02-28", "andrea.colombo82@gmail.com", "+390678901234"),
("FR74839201047", "Thomas Bernard", "1993-08-04", "thomas.bernard93@laposte.net", "+33456789012"),
("JP55839217485", "Mika Suzuki", "1986-01-12", "mika.suzuki86@docomo.ne.jp", "+819876543210"),
("US29485710293", "James Anderson", "1990-07-25", "james.anderson90@outlook.com", "+12015550123"),
("IT39548572194", "Sofia Conti", "1984-04-16", "sofia.conti84@yahoo.it", "+390890123456"),
("FR06094827738", "Emma Laurent", "1995-11-08", "emma.laurent95@gmail.com", "+33567890123"),
("JP20493884702", "Ryo Hashimoto", "1989-09-30", "ryo.hashimoto89@softbank.jp", "+81312345678"),
("US58539201785", "Olivia Martinez", "1981-03-22", "olivia.martinez81@hotmail.com", "+13125550123"),
("IT29457102693", "Matteo Villa", "1992-12-14", "matteo.villa92@libero.it", "+390456789012"),
("FR39648720194", "Hugo Renault", "1987-06-27", "hugo.renault87@free.fr", "+33678901234"),
("JP74359201047", "Sakura Mori", "1994-10-03", "sakura.mori94@gmail.com", "+815098765432");


-- SQL: CRIACAO DE CARGOS

INSERT INTO cargo (cbo, nome) VALUES 

("141505", "Gerente"),
("422120", "Recepcionista"),
("513315", "Camareiro"),
("510115", "Supervisor de Serviços"),
("410105", "Supervisor Administrativo"),
("412205", "Mensageiro"),
("510135", "Técnico de Manutenção"),
("510120", "Chefe de Cozinha"),
("513505", "Auxiliar de cozinha"),
("354810", "Agente de Reservas"),
("513405", "Garçom"),
("513425", "Copeiro"),
("252210", "Contador"),
("414105", "Almoxarife"),
("241005", "Advogado"),
("841484", "Auxiliar de Serviços Gerais"),
("514110", "Manobrista"),
("413110", "Auxiliar de contabilidade"),
("411010", "Assistente Administrativo"),
("261420", "Tradutor"),
("252105", "Analista Administrativo"),
("252405", "Analista de RH"),
("123105", "Diretor Administrativo"),
("123110", "Diretor Financeiro"),
("142205", "Coordenador de RH");


-- SQL: INSERT DE DEPARTAMENTOS
INSERT INTO departamento (nome, `local`, email, Gerente_cpf) VALUES
("Recepção", "BL 1", "recepcao@tropicana.com.br", '112.233.344-55'),
("Manutenção", "BL 2", "manutencao@tropicana.com.br", '556.677.788-99'),
("Restaurante", "BL 1", "restaurante@tropicana.com.br", null),
("Recursos Humanos", "BL 2", "rh@tropicana.com.br", '456.789.012-34'),
("Marketing", "BL 2", "marketing@tropicana.com.br", '567.890.123-45'),
("Financeiro", "BL 2", "financeiro@tropicana.com.br", '667.788.899-00'),
("Administrativo", "BL 2", "administrativo@tropicana.com.br", null),
("Logística", "BL 3", "logistica@tropicana.com.br", null),
("Vendas", "BL 1", "vendas@tropicana.com.br", null),
("Governança", "BL 1", "governanca@tropicana.com.br", null),
("Jurídico", "BL 2", "juridico@tropicana.com.br", '990.011.122-33');


-- SQL: INSERT DE TELEFONES DEPARTAMENTOS

INSERT INTO telefone (numero, Departamento_idDepartamento) VALUES
("81995856677", 1),   -- Recepção
("81996543210", 2),   -- Manutenção
("81997654321", 3),   -- Restaurante
("81998765432", 4),   -- Recursos Humanos
("81999876543", 5),   -- Marketing
("81990987654", 6),   -- Financeiro
("81991908765", 7),   -- Administrativo
("81992919876", 8),   -- Logística
("81993920987", 9),   -- Vendas
("81994931098", 10),  -- Governança
("81995942109", 11);  -- Jurídico


-- SQL: INSERT DE FÉRIAS

INSERT INTO ferias (dataInicio, dataFim, addDecimal, valor, periodoAqt, Funcionario_cpf) VALUES
("2024-04-01", "2024-04-16", 0, 5460.00, "2023", "123.456.789-01"),
("2024-04-15", "2024-04-30", 0, 5070.00, "2023", "234.567.890-12"),
("2023-10-01", "2023-10-31", 0, 4940.00, "2022", "234.567.890-12"),
("2024-09-01", "2024-09-16", 0, 4940.00, "2023", "456.789.012-34"),
("2024-08-01", "2024-08-31", 1, 6110.00, "2023", "567.890.123-45"),
("2024-07-01", "2024-07-20", 0, 6110.00, "2023", "678.901.234-56"),
("2023-06-01", "2023-06-30", 0, 6110.00, "2022", "678.901.234-56"),
("2022-05-01", "2022-05-15", 0, 6110.00, "2021", "678.901.234-56"),
("2024-03-01", "2024-03-31", 1, 7200.00, "2023", "789.012.345-67"),
("2023-02-01", "2023-02-28", 0, 5760.00, "2022", "789.012.345-67"),
("2022-01-01", "2022-01-16", 0, 5760.00, "2021", "789.012.345-67"),
("2021-12-01", "2021-12-31", 0, 5760.00, "2020", "789.012.345-67"),
("2020-11-01", "2020-11-30", 0, 5760.00, "2019", "789.012.345-67"),
("2024-10-01", "2024-10-31", 0, 4160.00, "2023", "890.123.456-78"),
("2023-09-01", "2023-09-16", 1, 5824.00, "2022", "890.123.456-78"),
("2022-08-01", "2022-08-20", 0, 4160.00, "2021", "890.123.456-78"),
("2021-07-01", "2021-07-31", 0, 4160.00, "2020", "890.123.456-78"),
("2020-06-01", "2020-06-30", 1, 5824.00, "2019", "890.123.456-78"),
("2024-07-01", "2024-07-31", 0, 5330.00, "2023", "901.234.567-89"),
("2023-06-01", "2023-06-30", 1, 6734.00, "2022", "012.345.678-90"),
("2022-05-01", "2022-05-16", 0, 4810.00, "2021", "012.345.678-90"),
("2024-04-01", "2024-04-20", 0, 4550.00, "2023", "223.344.455-66"),
("2024-10-01", "2024-10-31", 1, 7488.00, "2023", "334.455.566-77"),
("2024-09-01", "2024-09-30", 0, 3770.00, "2023", "445.566.677-88"),
("2023-08-01", "2023-08-16", 0, 3770.00, "2022", "445.566.677-88"),
("2024-07-01", "2024-07-31", 0, 4290.00, "2023", "556.677.788-99"),
("2023-06-01", "2023-06-20", 1, 6006.00, "2022", "556.677.788-99"),
("2022-05-01", "2022-05-16", 0, 4290.00, "2021", "556.677.788-99"),
("2024-04-01", "2024-04-30", 0, 5980.00, "2023", "667.788.899-00"),
("2023-10-01", "2023-10-31", 1, 6190.00, "2022", "778.899.900-11"),
("2024-09-01", "2024-09-30", 0, 6370.00, "2023", "889.900.011-22"),
("2024-08-01", "2024-08-16", 0, 4680.00, "2023", "101.112.223-44"),
("2023-07-01", "2023-07-31", 0, 4680.00, "2022", "101.112.223-44");


-- SQL: INSERT DE UH 

INSERT INTO uh (nome, valorDiaria, `local`, qtdMaxHospedes) VALUES
("Quarto 1001", 120.00, "BL 1", 2),
("Quarto 2001", 150.00, "BL 2", 3),
("Quarto 1002", 200.00, "BL 1", 4),
("Quarto 2002", 250.00, "BL 2", 5),
("Quarto 1003", 300.00, "BL 1", 6),
("Quarto 2003", 350.00, "BL 2", 2),
("Quarto 1004", 400.00, "BL 1", 3),
("Quarto 2004", 450.00, "BL 2", 4),
("Quarto 1005", 500.00, "BL 1", 5),
("Quarto 2005", 550.00, "BL 2", 6),
("Quarto 1006", 600.00, "BL 1", 2),
("Quarto 2006", 650.00, "BL 2", 3),
("Quarto 1007", 700.00, "BL 1", 4),
("Quarto 2007", 750.00, "BL 2", 5),
("Quarto 1008", 800.00, "BL 1", 6),
("Quarto 2008", 850.00, "BL 2", 2),
("Quarto 1009", 900.00, "BL 1", 3),
("Quarto 2009", 950.00, "BL 2", 4),
("Quarto 1010", 1000.00, "BL 1", 5),
("Quarto 2010", 1050.00, "BL 2", 6);



-- SQL: INSERT DE RESERVA

INSERT INTO reserva (qtdHospedes, `status`, dataEntrada, dataSaída, Funcionario_cpf, Responsavel_cpf_passaporte) VALUES
(2, "Confirmada", "2024-01-10 12:00:00", "2024-01-15 12:00:00", "012.345.678-90", "123.456.789-00"),
(3, "Pré-Reserva", "2024-02-05 14:00:00", "2024-02-09 14:00:00", "074.740.774-00", "222.333.444-55"),
(4, "Checked-in", "2024-03-15 12:00:00", "2024-03-22 12:00:00", "789.012.345-67", "234.567.890-11"),
(1, "Cancelada", "2024-04-01 12:00:00", "2024-04-03 12:00:00", "345.678.901-23", "333.444.555-66"),
(5, "Checked-out", "2024-05-10 14:00:00", "2024-05-17 14:00:00", "889.900.011-22", "444.555.666-77"),
(6, "Confirmada", "2024-06-20 12:00:00", "2024-06-25 12:00:00", "012.345.678-90", "555.666.777-88"),
(2, "Pré-Reserva", "2024-07-01 14:00:00", "2024-07-05 14:00:00", "074.740.774-00", "666.777.888-99"),
(3, "Checked-in", "2024-08-15 12:00:00", "2024-08-20 12:00:00", "789.012.345-67", "777.888.999-00"),
(4, "Cancelada", "2024-09-10 12:00:00", "2024-09-15 12:00:00", "345.678.901-23", "888.999.000-11"),
(5, "Checked-out", "2024-10-05 14:00:00", "2024-10-12 14:00:00", "889.900.011-22", "999.000.111-22"),
(1, "Confirmada", "2024-11-01 12:00:00", "2024-11-04 12:00:00", "012.345.678-90", "FR06094827738"),
(6, "Pré-Reserva", "2024-12-10 14:00:00", "2024-12-15 14:00:00", "074.740.774-00", "IT00948373638"),
(2, "Checked-in", "2025-01-15 12:00:00", "2025-01-20 12:00:00", "789.012.345-67", "123.456.789-00"),
(3, "Cancelada", "2025-02-01 12:00:00", "2025-02-05 12:00:00", "345.678.901-23", "222.333.444-66"),
(4, "Checked-out", "2025-03-10 14:00:00", "2025-03-17 14:00:00", "889.900.011-22", "333.444.555-77"),
(5, "Confirmada", "2025-04-01 12:00:00", "2025-04-12 12:00:00", "012.345.678-90", "444.555.666-88"),
(6, "Pré-Reserva", "2025-05-05 14:00:00", "2025-05-10 14:00:00", "074.740.774-00", "555.666.777-99"),
(1, "Checked-in", "2025-06-15 12:00:00", "2025-06-20 12:00:00", "789.012.345-67", "666.777.888-00"),
(2, "Cancelada", "2025-07-01 12:00:00", "2025-07-03 12:00:00", "345.678.901-23", "777.888.999-11"),
(3, "Checked-out", "2025-08-10 14:00:00", "2025-08-15 14:00:00", "889.900.011-22", "888.999.000-22"),
(4, "Confirmada", "2024-02-20 12:00:00", "2024-02-25 12:00:00", "012.345.678-90", "FR20493647502"),
(5, "Pré-Reserva", "2024-03-01 14:00:00", "2024-03-07 14:00:00", "074.740.774-00", "IT20498475502"),
(6, "Checked-in", "2024-04-15 12:00:00", "2024-04-22 12:00:00", "789.012.345-67", "234.567.890-11"),
(1, "Cancelada", "2024-05-01 12:00:00", "2024-05-04 12:00:00", "345.678.901-23", "345.678.901-22"),
(2, "Checked-out", "2024-06-10 14:00:00", "2024-06-15 14:00:00", "889.900.011-22", "456.789.012-33"),
(3, "Confirmada", "2024-07-20 12:00:00", "2024-07-25 12:00:00", "012.345.678-90", "567.890.123-44"),
(4, "Pré-Reserva", "2024-08-01 14:00:00", "2024-08-05 14:00:00", "074.740.774-00", "678.901.234-55"),
(5, "Checked-in", "2024-09-15 12:00:00", "2024-09-22 12:00:00", "789.012.345-67", "789.012.345-66"),
(6, "Cancelada", "2024-10-01 12:00:00", "2024-10-07 12:00:00", "345.678.901-23", "890.123.456-77"),
(1, "Checked-out", "2024-11-10 14:00:00", "2024-11-15 14:00:00", "889.900.011-22", "901.234.456-88"),
(2, "Confirmada", "2024-12-01 12:00:00", "2024-12-05 12:00:00", "012.345.678-90", "FR29685710293"),
(3, "Pré-Reserva", "2025-01-01 14:00:00", "2025-01-07 14:00:00", "074.740.774-00", "IT29457102693"),
(4, "Checked-in", "2025-02-15 12:00:00", "2025-02-20 12:00:00", "789.012.345-67", "222.333.444-77"),
(5, "Cancelada", "2025-03-01 12:00:00", "2025-03-05 12:00:00", "345.678.901-23", "333.444.555-88"),
(6, "Checked-out", "2025-04-15 14:00:00", "2025-04-22 14:00:00", "889.900.011-22", "444.555.666-99"),
(1, "Confirmada", "2025-05-01 12:00:00", "2025-05-04 12:00:00", "012.345.678-90", "555.666.777-00"),
(2, "Pré-Reserva", "2025-06-10 14:00:00", "2025-06-15 14:00:00", "074.740.774-00", "666.777.888-11"),
(3, "Checked-in", "2025-07-15 12:00:00", "2025-07-20 12:00:00", "789.012.345-67", "777.888.999-22"),
(4, "Cancelada", "2025-08-01 12:00:00", "2025-08-05 12:00:00", "345.678.901-23", "888.999.000-33"),
(5, "Checked-out", "2025-09-10 14:00:00", "2025-09-17 14:00:00", "889.900.011-22", "999.000.111-33"),
(6, "Confirmada", "2024-01-20 12:00:00", "2024-01-25 12:00:00", "012.345.678-90", "FR39485720194"),
(1, "Pré-Reserva", "2024-02-10 14:00:00", "2024-02-15 14:00:00", "074.740.774-00", "IT39485720194"),
(2, "Checked-in", "2024-03-01 12:00:00", "2024-03-07 12:00:00", "789.012.345-67", "222.333.444-88"),
(3, "Cancelada", "2024-04-10 12:00:00", "2024-04-15 12:00:00", "345.678.901-23", "333.444.555-99"),
(4, "Checked-out", "2024-05-15 14:00:00", "2024-05-20 14:00:00", "889.900.011-22", "444.555.666-00"),
(5, "Confirmada", "2024-06-01 12:00:00", "2024-06-10 12:00:00", "012.345.678-90", "555.666.777-11"),
(6, "Pré-Reserva", "2024-07-10 14:00:00", "2024-07-15 14:00:00", "074.740.774-00", "666.777.888-22"),
(1, "Checked-in", "2024-08-20 12:00:00", "2024-08-25 12:00:00", "789.012.345-67", "777.888.999-33"),
(2, "Cancelada", "2024-09-01 12:00:00", "2024-09-05 12:00:00", "345.678.901-23", "888.999.000-44"),
(3, "Checked-out", "2024-10-15 14:00:00", "2024-10-20 14:00:00", "889.900.011-22", "FR39648720194"),
(4, "Confirmada", "2024-11-20 12:00:00", "2024-11-25 12:00:00", "012.345.678-90", "IT39548572194"),
(5, "Pré-Reserva", "2024-12-15 14:00:00", "2024-12-20 14:00:00", "074.740.774-00", "123.456.789-00"),
(6, "Checked-in", "2025-01-10 12:00:00", "2025-01-15 12:00:00", "789.012.345-67", "234.567.890-11"),
(1, "Cancelada", "2025-02-20 12:00:00", "2025-02-25 12:00:00", "345.678.901-23", "345.678.901-22"),
(2, "Checked-out", "2025-03-15 14:00:00", "2025-03-20 14:00:00", "889.900.011-22", "456.789.012-33"),
(3, "Confirmada", "2025-04-10 12:00:00", "2025-04-15 12:00:00", "012.345.678-90", "567.890.123-44"),
(4, "Pré-Reserva", "2025-05-15 14:00:00", "2025-05-20 14:00:00", "074.740.774-00", "678.901.234-55"),
(5, "Checked-in", "2025-06-01 12:00:00", "2025-06-10 12:00:00", "789.012.345-67", "789.012.345-66"),
(6, "Cancelada", "2025-07-10 12:00:00", "2025-07-15 12:00:00", "345.678.901-23", "890.123.456-77"),
(1, "Checked-out", "2025-08-20 14:00:00", "2025-08-25 14:00:00", "889.900.011-22", "901.234.456-88"),
(2, "Confirmada", "2024-01-15 12:00:00", "2024-01-20 12:00:00", "012.345.678-90", "FR58392017485"),
(3, "Pré-Reserva", "2024-02-01 14:00:00", "2024-02-05 14:00:00", "074.740.774-00", "IT583592017485"),
(4, "Checked-in", "2024-03-10 12:00:00", "2024-03-15 12:00:00", "789.012.345-67", "222.333.444-55"),
(5, "Cancelada", "2024-04-20 12:00:00", "2024-04-25 12:00:00", "345.678.901-23", "333.444.555-66"),
(6, "Checked-out", "2024-05-01 14:00:00", "2024-05-10 14:00:00", "889.900.011-22", "444.555.666-77"),
(1, "Confirmada", "2024-06-15 12:00:00", "2024-06-20 12:00:00", "012.345.678-90", "555.666.777-88"),
(2, "Pré-Reserva", "2024-07-01 14:00:00", "2024-07-05 14:00:00", "074.740.774-00", "666.777.888-99"),
(3, "Checked-in", "2024-08-10 12:00:00", "2024-08-15 12:00:00", "789.012.345-67", "777.888.999-00"),
(4, "Cancelada", "2024-09-20 12:00:00", "2024-09-25 12:00:00", "345.678.901-23", "888.999.000-11"),
(5, "Checked-out", "2024-10-01 14:00:00", "2024-10-07 14:00:00", "889.900.011-22", "999.000.111-22"),
(6, "Confirmada", "2024-11-15 12:00:00", "2024-11-20 12:00:00", "012.345.678-90", "FR74839201047"),
(1, "Pré-Reserva", "2024-12-01 14:00:00", "2024-12-05 14:00:00", "074.740.774-00", "IT74298832082"),
(2, "Checked-in", "2025-01-20 12:00:00", "2025-01-25 12:00:00", "789.012.345-67", "234.567.890-11"),
(3, "Cancelada", "2025-02-10 12:00:00", "2025-02-15 12:00:00", "345.678.901-23", "345.678.901-22"),
(4, "Checked-out", "2025-03-01 14:00:00", "2025-03-07 14:00:00", "889.900.011-22", "456.789.012-33"),
(5, "Confirmada", "2025-04-20 12:00:00", "2025-04-25 12:00:00", "012.345.678-90", "567.890.123-44"),
(6, "Pré-Reserva", "2025-05-01 14:00:00", "2025-05-10 14:00:00", "074.740.774-00", "678.901.234-55"),
(1, "Checked-in", "2025-06-20 12:00:00", "2025-06-25 12:00:00", "789.012.345-67", "789.012.345-66"),
(2, "Cancelada", "2025-07-01 12:00:00", "2025-07-05 12:00:00", "345.678.901-23", "890.123.456-77"),
(3, "Checked-out", "2025-08-15 14:00:00", "2025-08-20 14:00:00", "889.900.011-22", "901.234.456-88");



-- SQL: INSERT DE REGISTRO DE PONTO 

-- SQL: INSERT DE PONTO PARA UM FUNCIONARIO QUE TRABALHOU TODOS OS DIAS DE MARÇO

INSERT INTO regponto (tipoES, dataHora, Funcionario_cpf) VALUES
-- 990.011.122-33 (5 dias, apenas 31)
("Entrada", "2025-03-31 08:02:13", "990.011.122-33"),
("Saída", "2025-03-31 12:04:28", "990.011.122-33"),
("Entrada", "2025-03-31 14:06:43", "990.011.122-33"),
("Saída", "2025-03-31 18:01:59", "990.011.122-33"),
-- 074.740.774-00 (5 dias, apenas 31)
("Entrada", "2025-03-31 08:03:47", "074.740.774-00"),
("Saída", "2025-03-31 12:05:02", "074.740.774-00"),
("Entrada", "2025-03-31 14:07:17", "074.740.774-00"),
("Saída", "2025-03-31 18:02:33", "074.740.774-00"),
-- 345.678.901-23 (5 dias, apenas 31)
("Entrada", "2025-03-31 08:01:29", "345.678.901-23"),
("Saída", "2025-03-31 12:03:44", "345.678.901-23"),
("Entrada", "2025-03-31 14:05:59", "345.678.901-23"),
("Saída", "2025-03-31 18:00:14", "345.678.901-23"),
-- 055.550.000-55 (5 dias, apenas 31)
("Entrada", "2025-03-31 08:04:03", "055.550.000-55"),
("Saída", "2025-03-31 12:06:18", "055.550.000-55"),
("Entrada", "2025-03-31 14:08:33", "055.550.000-55"),
("Saída", "2025-03-31 18:03:48", "055.550.000-55"),
-- 101.112.223-44 (5 dias, apenas 31)
("Entrada", "2025-03-31 08:02:17", "101.112.223-44"),
("Saída", "2025-03-31 12:04:32", "101.112.223-44"),
("Entrada", "2025-03-31 14:06:47", "101.112.223-44"),
("Saída", "2025-03-31 18:01:02", "101.112.223-44"),
-- 126.621.666-11 (6 dias, 30 e 31)
("Entrada", "2025-03-30 08:03:51", "126.621.666-11"),
("Saída", "2025-03-30 12:05:06", "126.621.666-11"),
("Entrada", "2025-03-30 14:07:21", "126.621.666-11"),
("Saída", "2025-03-30 18:02:36", "126.621.666-11"),
("Entrada", "2025-03-31 18:01:43", "126.621.666-11"),
("Saída", "2025-03-31 22:03:58", "126.621.666-11"),
("Entrada", "2025-03-31 00:06:14", "126.621.666-11"),
("Saída", "2025-04-01 08:00:29", "126.621.666-11"),
-- 147.471.771-41 (6 dias, 30 e 31)
("Entrada", "2025-03-30 08:04:27", "147.471.771-41"),
("Saída", "2025-03-30 12:06:42", "147.471.771-41"),
("Entrada", "2025-03-30 14:08:57", "147.471.771-41"),
("Saída", "2025-03-30 18:03:13", "147.471.771-41"),
("Entrada", "2025-03-31 18:02:09", "147.471.771-41"),
("Saída", "2025-03-31 22:04:25", "147.471.771-41"),
("Entrada", "2025-03-31 00:06:41", "147.471.771-41"),
("Saída", "2025-04-01 08:01:56", "147.471.771-41"),
-- 223.344.455-66 (6 dias, 30 e 31)
("Entrada", "2025-03-30 08:03:34", "223.344.455-66"),
("Saída", "2025-03-30 12:05:49", "223.344.455-66"),
("Entrada", "2025-03-30 14:07:05", "223.344.455-66"),
("Saída", "2025-03-30 18:02:20", "223.344.455-66"),
("Entrada", "2025-03-31 18:01:58", "223.344.455-66"),
("Saída", "2025-03-31 22:03:14", "223.344.455-66"),
("Entrada", "2025-03-31 00:05:29", "223.344.455-66"),
("Saída", "2025-04-01 08:00:44", "223.344.455-66"),
-- 234.567.890-12 (6 dias, 30 e 31)
("Entrada", "2025-03-30 08:04:12", "234.567.890-12"),
("Saída", "2025-03-30 12:06:27", "234.567.890-12"),
("Entrada", "2025-03-30 14:08:43", "234.567.890-12"),
("Saída", "2025-03-30 18:03:58", "234.567.890-12"),
("Entrada", "2025-03-31 18:02:46", "234.567.890-12"),
("Saída", "2025-03-31 22:04:02", "234.567.890-12"),
("Entrada", "2025-03-31 00:06:17", "234.567.890-12"),
("Saída", "2025-04-01 08:01:33", "234.567.890-12"),
-- 334.455.566-77 (6 dias, 30 e 31)
("Entrada", "2025-03-30 08:03:21", "334.455.566-77"),
("Saída", "2025-03-30 12:05:36", "334.455.566-77"),
("Entrada", "2025-03-30 14:07:52", "334.455.566-77"),
("Saída", "2025-03-30 18:02:07", "334.455.566-77"),
("Entrada", "2025-03-31 18:01:55", "334.455.566-77"),
("Saída", "2025-03-31 22:03:10", "334.455.566-77"),
("Entrada", "2025-03-31 00:05:26", "334.455.566-77"),
("Saída", "2025-04-01 08:00:41", "334.455.566-77"),
-- 445.566.677-88 (6 dias, 30 e 31)
("Entrada", "2025-03-30 08:04:39", "445.566.677-88"),
("Saída", "2025-03-30 12:06:54", "445.566.677-88"),
("Entrada", "2025-03-30 14:08:09", "445.566.677-88"),
("Saída", "2025-03-30 18:03:24", "445.566.677-88"),
("Entrada", "2025-03-31 18:02:03", "445.566.677-88"),
("Saída", "2025-03-31 22:04:19", "445.566.677-88"),
("Entrada", "2025-03-31 00:06:34", "445.566.677-88"),
("Saída", "2025-04-01 08:01:50", "445.566.677-88"),
-- 678.901.234-56 (6 dias, 30 e 31)
("Entrada", "2025-03-30 08:03:28", "678.901.234-56"),
("Saída", "2025-03-30 12:05:43", "678.901.234-56"),
("Entrada", "2025-03-30 14:07:58", "678.901.234-56"),
("Saída", "2025-03-30 18:02:14", "678.901.234-56"),
("Entrada", "2025-03-31 18:01:52", "678.901.234-56"),
("Saída", "2025-03-31 22:03:07", "678.901.234-56"),
("Entrada", "2025-03-31 00:05:23", "678.901.234-56"),
("Saída", "2025-04-01 08:00:38", "678.901.234-56"),
-- 778.899.900-11 (5 dias, apenas 31)
("Entrada", "2025-03-31 08:04:16", "778.899.900-11"),
("Saída", "2025-03-31 12:06:31", "778.899.900-11"),
("Entrada", "2025-03-31 14:08:46", "778.899.900-11"),
("Saída", "2025-03-31 18:03:02", "778.899.900-11"),
-- 456.789.012-34 (5 dias, apenas 31)
("Entrada", "2025-03-31 08:02:40", "456.789.012-34"),
("Saída", "2025-03-31 12:04:55", "456.789.012-34"),
("Entrada", "2025-03-31 14:07:11", "456.789.012-34"),
("Saída", "2025-03-31 18:02:26", "456.789.012-34"),
-- 890.123.456-78 (5 dias, apenas 31)
("Entrada", "2025-03-31 08:03:05", "890.123.456-78"),
("Saída", "2025-03-31 12:05:20", "890.123.456-78"),
("Entrada", "2025-03-31 14:07:35", "890.123.456-78"),
("Saída", "2025-03-31 18:01:51", "890.123.456-78"),
-- 567.890.123-45 (5 dias, apenas 31)
("Entrada", "2025-03-31 08:01:49", "567.890.123-45"),
("Saída", "2025-03-31 12:03:04", "567.890.123-45"),
("Entrada", "2025-03-31 14:05:19", "567.890.123-45"),
("Saída", "2025-03-31 18:00:34", "567.890.123-45"),
-- 667.788.899-00 (5 dias, apenas 31)
("Entrada", "2025-03-31 08:04:23", "667.788.899-00"),
("Saída", "2025-03-31 12:06:38", "667.788.899-00"),
("Entrada", "2025-03-31 14:08:53", "667.788.899-00"),
("Saída", "2025-03-31 18:03:09", "667.788.899-00"),
-- 901.234.567-89 (6 dias, 30 e 31)
("Entrada", "2025-03-30 08:02:57", "901.234.567-89"),
("Saída", "2025-03-30 12:05:12", "901.234.567-89"),
("Entrada", "2025-03-30 14:07:27", "901.234.567-89"),
("Saída", "2025-03-30 18:02:43", "901.234.567-89"),
("Entrada", "2025-03-31 18:01:36", "901.234.567-89"),
("Saída", "2025-03-31 22:03:51", "901.234.567-89"),
("Entrada", "2025-03-31 00:06:06", "901.234.567-89"),
("Saída", "2025-04-01 08:00:22", "901.234.567-89"),
-- 789.012.345-67 (6 dias, 30 e 31)
("Entrada", "2025-03-30 08:03:14", "789.012.345-67"),
("Saída", "2025-03-30 12:05:29", "789.012.345-67"),
("Entrada", "2025-03-30 14:07:44", "789.012.345-67"),
("Saída", "2025-03-30 18:02:59", "789.012.345-67"),
("Entrada", "2025-03-31 18:02:23", "789.012.345-67"),
("Saída", "2025-03-31 22:04:38", "789.012.345-67"),
("Entrada", "2025-03-31 00:06:53", "789.012.345-67"),
("Saída", "2025-04-01 08:01:08", "789.012.345-67"),
-- 889.900.011-22 (6 dias, 30 e 31)
("Entrada", "2025-03-30 08:01:38", "889.900.011-22"),
("Saída", "2025-03-30 12:03:53", "889.900.011-22"),
("Entrada", "2025-03-30 14:06:08", "889.900.011-22"),
("Saída", "2025-03-30 18:01:23", "889.900.011-22"),
("Entrada", "2025-03-31 18:03:47", "889.900.011-22"),
("Saída", "2025-03-31 22:05:02", "889.900.011-22"),
("Entrada", "2025-03-31 00:07:17", "889.900.011-22"),
("Saída", "2025-04-01 08:02:33", "889.900.011-22"),
-- 112.233.344-55 (6 dias, 30 e 31)
("Entrada", "2025-03-30 08:04:02", "112.233.344-55"),
("Saída", "2025-03-30 12:06:17", "112.233.344-55"),
("Entrada", "2025-03-30 14:08:32", "112.233.344-55"),
("Saída", "2025-03-30 18:03:48", "112.233.344-55"),
("Entrada", "2025-03-31 18:02:11", "112.233.344-55"),
("Saída", "2025-03-31 22:04:26", "112.233.344-55"),
("Entrada", "2025-03-31 00:06:41", "112.233.344-55"),
("Saída", "2025-04-01 08:01:56", "112.233.344-55"),
-- 556.677.788-99 (6 dias, 30 e 31)
("Entrada", "2025-03-30 08:03:46", "556.677.788-99"),
("Saída", "2025-03-30 12:05:01", "556.677.788-99"),
("Entrada", "2025-03-30 14:07:16", "556.677.788-99"),
("Saída", "2025-03-30 18:02:31", "556.677.788-99"),
("Entrada", "2025-03-31 18:01:59", "556.677.788-99"),
("Saída", "2025-03-31 22:03:14", "556.677.788-99"),
("Entrada", "2025-03-31 00:05:29", "556.677.788-99"),
("Saída", "2025-04-01 08:00:44", "556.677.788-99");



-- SQL: INSERT DE PONTO PARA OS DEMAIS FUNCIONÁRIOS CONSIDERANDO APENAS DOIS DIAS DO MÊS

INSERT INTO regponto (tipoES, dataHora, Funcionario_cpf) VALUES
-- Dia 3 (terça)
("Entrada", "2025-03-03 08:02:15", "012.345.678-90"),
("Saída", "2025-03-03 12:04:27", "012.345.678-90"),
("Entrada", "2025-03-03 14:06:33", "012.345.678-90"),
("Saída", "2025-03-03 18:01:49", "012.345.678-90"),
-- Dia 4 (quarta)
("Entrada", "2025-03-04 08:03:22", "012.345.678-90"),
("Saída", "2025-03-04 12:05:18", "012.345.678-90"),
("Entrada", "2025-03-04 14:07:41", "012.345.678-90"),
("Saída", "2025-03-04 18:02:56", "012.345.678-90"),
-- Dia 5 (quinta)
("Entrada", "2025-03-05 08:01:37", "012.345.678-90"),
("Saída", "2025-03-05 12:03:59", "012.345.678-90"),
("Entrada", "2025-03-05 14:05:12", "012.345.678-90"),
("Saída", "2025-03-05 18:00:44", "012.345.678-90"),
-- Dia 6 (sexta)
("Entrada", "2025-03-06 08:04:09", "012.345.678-90"),
("Saída", "2025-03-06 12:06:23", "012.345.678-90"),
("Entrada", "2025-03-06 14:08:17", "012.345.678-90"),
("Saída", "2025-03-06 18:03:31", "012.345.678-90"),
-- Dia 7 (sexta)
("Entrada", "2025-03-07 08:02:48", "012.345.678-90"),
("Saída", "2025-03-07 12:04:55", "012.345.678-90"),
("Entrada", "2025-03-07 14:07:03", "012.345.678-90"),
("Saída", "2025-03-07 18:01:19", "012.345.678-90"),
-- Dia 10 (segunda)
("Entrada", "2025-03-10 08:03:11", "012.345.678-90"),
("Saída", "2025-03-10 12:05:29", "012.345.678-90"),
("Entrada", "2025-03-10 14:06:47", "012.345.678-90"),
("Saída", "2025-03-10 18:02:05", "012.345.678-90"),
-- Dia 11 (terça)
("Entrada", "2025-03-11 08:01:54", "012.345.678-90"),
("Saída", "2025-03-11 12:03:38", "012.345.678-90"),
("Entrada", "2025-03-11 14:05:56", "012.345.678-90"),
("Saída", "2025-03-11 18:00:22", "012.345.678-90"),
-- Dia 12 (quarta)
("Entrada", "2025-03-12 08:04:33", "012.345.678-90"),
("Saída", "2025-03-12 12:06:14", "012.345.678-90"),
("Entrada", "2025-03-12 14:08:29", "012.345.678-90"),
("Saída", "2025-03-12 18:03:47", "012.345.678-90"),
-- Dia 13 (quinta)
("Entrada", "2025-03-13 08:02:19", "012.345.678-90"),
("Saída", "2025-03-13 12:04:36", "012.345.678-90"),
("Entrada", "2025-03-13 14:06:51", "012.345.678-90"),
("Saída", "2025-03-13 18:01:08", "012.345.678-90"),
-- Dia 14 (sexta)
("Entrada", "2025-03-14 08:03:45", "012.345.678-90"),
("Saída", "2025-03-14 12:05:57", "012.345.678-90"),
("Entrada", "2025-03-14 14:07:13", "012.345.678-90"),
("Saída", "2025-03-14 18:02:29", "012.345.678-90"),
-- Dia 17 (segunda)
("Entrada", "2025-03-17 08:01:28", "012.345.678-90"),
("Saída", "2025-03-17 12:03:44", "012.345.678-90"),
("Entrada", "2025-03-17 14:05:59", "012.345.678-90"),
("Saída", "2025-03-17 18:00:16", "012.345.678-90"),
-- Dia 18 (terça)
("Entrada", "2025-03-18 08:04:02", "012.345.678-90"),
("Saída", "2025-03-18 12:06:18", "012.345.678-90"),
("Entrada", "2025-03-18 14:08:34", "012.345.678-90"),
("Saída", "2025-03-18 18:03:50", "012.345.678-90"),
-- Dia 19 (quarta)
("Entrada", "2025-03-19 08:02:37", "012.345.678-90"),
("Saída", "2025-03-19 12:04:53", "012.345.678-90"),
("Entrada", "2025-03-19 14:07:09", "012.345.678-90"),
("Saída", "2025-03-19 18:01:25", "012.345.678-90"),
-- Dia 20 (quinta)
("Entrada", "2025-03-20 08:03:14", "012.345.678-90"),
("Saída", "2025-03-20 12:05:31", "012.345.678-90"),
("Entrada", "2025-03-20 14:06:48", "012.345.678-90"),
("Saída", "2025-03-20 18:02:04", "012.345.678-90"),
-- Dia 21 (sexta)
("Entrada", "2025-03-21 08:01:59", "012.345.678-90"),
("Saída", "2025-03-21 12:03:16", "012.345.678-90"),
("Entrada", "2025-03-21 14:05:32", "012.345.678-90"),
("Saída", "2025-03-21 18:00:49", "012.345.678-90"),
-- Dia 24 (segunda)
("Entrada", "2025-03-24 08:04:26", "012.345.678-90"),
("Saída", "2025-03-24 12:06:43", "012.345.678-90"),
("Entrada", "2025-03-24 14:08:59", "012.345.678-90"),
("Saída", "2025-03-24 18:03:15", "012.345.678-90"),
-- Dia 25 (terça)
("Entrada", "2025-03-25 08:02:08", "012.345.678-90"),
("Saída", "2025-03-25 12:04:24", "012.345.678-90"),
("Entrada", "2025-03-25 14:06:41", "012.345.678-90"),
("Saída", "2025-03-25 18:01:57", "012.345.678-90"),
-- Dia 26 (quarta)
("Entrada", "2025-03-26 08:03:33", "012.345.678-90"),
("Saída", "2025-03-26 12:05:50", "012.345.678-90"),
("Entrada", "2025-03-26 14:07:06", "012.345.678-90"),
("Saída", "2025-03-26 18:02:22", "012.345.678-90"),
-- Dia 27 (quinta)
("Entrada", "2025-03-27 08:01:47", "012.345.678-90"),
("Saída", "2025-03-27 12:03:03", "012.345.678-90"),
("Entrada", "2025-03-27 14:05:19", "012.345.678-90"),
("Saída", "2025-03-27 18:00:35", "012.345.678-90"),
-- Dia 28 (sexta)
("Entrada", "2025-03-28 08:04:11", "012.345.678-90"),
("Saída", "2025-03-28 12:06:27", "012.345.678-90"),
("Entrada", "2025-03-28 14:08:43", "012.345.678-90"),
("Saída", "2025-03-28 18:03:59", "012.345.678-90"),
-- Dia 31 (segunda)
("Entrada", "2025-03-31 08:02:55", "012.345.678-90"),
("Saída", "2025-03-31 12:05:12", "012.345.678-90"),
("Entrada", "2025-03-31 14:07:28", "012.345.678-90"),
("Saída", "2025-03-31 18:01:44", "012.345.678-90");



-- SQL: INSERT DE HOSPEDAGEM


INSERT INTO hospedagem (Reserva_idReserva, valorTotal, checkIn, checkOut) VALUES
(3, 1400.00, "2024-03-15 12:00:00", "2024-03-22 12:00:00"),  -- Checked-in, UH 3 (200.00), 7 dias
(5, 2100.00, "2024-05-10 14:00:00", "2024-05-17 14:00:00"),  -- Checked-out, UH 5 (300.00), 7 dias
(8, 2250.00, "2024-08-15 12:00:00", "2024-08-20 12:00:00"),  -- Checked-in, UH 8 (450.00), 5 dias
(10, 3850.00, "2024-10-05 14:00:00", "2024-10-12 14:00:00"), -- Checked-out, UH 10 (550.00), 7 dias
(12, 3250.00, "2024-12-10 14:00:00", "2024-12-15 14:00:00"), -- Checked-in, UH 12 (650.00), 5 dias
(13, 600.00, "2025-01-15 12:00:00", "2025-01-20 12:00:00"),  -- Checked-in, UH 1 (120.00), 5 dias
(15, 2100.00, "2025-03-10 14:00:00", "2025-03-17 14:00:00"), -- Checked-out, UH 3 (300.00), 7 dias
(18, 1750.00, "2025-06-15 12:00:00", "2025-06-20 12:00:00"), -- Checked-in, UH 6 (350.00), 5 dias
(20, 2250.00, "2025-08-10 14:00:00", "2025-08-15 14:00:00"), -- Checked-out, UH 8 (450.00), 5 dias
(23, 5600.00, "2024-04-15 12:00:00", "2024-04-22 12:00:00"), -- Checked-in, UH 15 (800.00), 7 dias
(25, 900.00, "2024-06-10 14:00:00", "2024-06-15 14:00:00"),  -- Checked-out, UH 17 (900.00), 5 dias
(28, 7000.00, "2024-09-15 12:00:00", "2024-09-22 12:00:00"), -- Checked-in, UH 20 (1000.00), 7 dias
(30, 750.00, "2024-11-10 14:00:00", "2024-11-15 14:00:00"),  -- Checked-out, UH 2 (150.00), 5 dias
(31, 1000.00, "2024-12-01 12:00:00", "2024-12-05 12:00:00"), -- Checked-in, UH 3 (200.00), 5 dias
(33, 600.00, "2025-02-15 12:00:00", "2025-02-20 12:00:00"),  -- Checked-in, UH 5 (300.00), 5 dias
(35, 2800.00, "2025-04-15 14:00:00", "2025-04-22 14:00:00"), -- Checked-out, UH 7 (400.00), 7 dias
(37, 2500.00, "2025-06-10 14:00:00", "2025-06-15 14:00:00"), -- Checked-in, UH 9 (500.00), 5 dias
(38, 2750.00, "2025-07-15 12:00:00", "2025-07-20 12:00:00"), -- Checked-in, UH 10 (550.00), 5 dias
(40, 4550.00, "2025-09-10 14:00:00", "2025-09-17 14:00:00"), -- Checked-out, UH 12 (650.00), 7 dias
(43, 1400.00, "2024-03-01 12:00:00", "2024-03-07 12:00:00"), -- Checked-in, UH 15 (700.00), 6 dias
(45, 3900.00, "2024-05-15 14:00:00", "2024-05-20 14:00:00"), -- Checked-out, UH 17 (780.00), 5 dias
(46, 3150.00, "2024-06-01 12:00:00", "2024-06-10 12:00:00"), -- Checked-in, UH 18 (350.00), 9 dias
(48, 5000.00, "2024-08-20 12:00:00", "2024-08-25 12:00:00"), -- Checked-out, UH 20 (1000.00), 5 dias
(50, 3000.00, "2024-10-15 14:00:00", "2024-10-20 14:00:00"), -- Checked-out, UH 2 (150.00), 5 dias
(51, 5900.00, "2024-11-20 12:00:00", "2024-11-25 12:00:00"), -- Checked-in, UH 3 (1180.00), 5 dias
(53, 600.00, "2025-01-10 12:00:00", "2025-01-15 12:00:00"),  -- Checked-in, UH 5 (120.00), 5 dias
(55, 1100.00, "2025-03-15 14:00:00", "2025-03-20 14:00:00"), -- Checked-out, UH 7 (220.00), 5 dias
(57, 2250.00, "2025-05-15 14:00:00", "2025-05-20 14:00:00"), -- Checked-in, UH 9 (450.00), 5 dias
(58, 3430.00, "2025-06-01 12:00:00", "2025-06-10 12:00:00"), -- Checked-in, UH 10 (490.00), 7 dias
(60, 3250.00, "2025-08-20 14:00:00", "2025-08-25 14:00:00"), -- Checked-out, UH 12 (650.00), 5 dias
(63, 800.00, "2024-03-10 12:00:00", "2024-03-15 12:00:00"),  -- Checked-in, UH 15 (160.00), 5 dias
(65, 2100.00, "2024-05-01 14:00:00", "2024-05-10 14:00:00"), -- Checked-out, UH 17 (300.00), 7 dias
(68, 1350.00, "2024-08-10 12:00:00", "2024-08-15 12:00:00"), -- Checked-in, UH 20 (270.00), 5 dias
(70, 1050.00, "2024-10-01 14:00:00", "2024-10-07 14:00:00"), -- Checked-out, UH 2 (150.00), 7 dias
(71, 5900.00, "2024-11-15 12:00:00", "2024-11-20 12:00:00"), -- Checked-in, UH 3 (1180.00), 5 dias
(73, 750.00, "2025-01-20 12:00:00", "2025-01-25 12:00:00"),  -- Checked-in, UH 5 (150.00), 5 dias
(75, 1200.00, "2025-03-01 14:00:00", "2025-03-07 14:00:00"), -- Checked-out, UH 7 (200.00), 6 dias
(76, 1000.00, "2025-04-20 12:00:00", "2025-04-25 12:00:00"), -- Checked-in, UH 8 (200.00), 5 dias
(78, 3430.00, "2025-06-20 12:00:00", "2025-06-25 12:00:00"); -- Checked-in, UH 10 (490.00), 7 dias


-- SQL: INSERT DE HOSPEDAR

INSERT INTO hospedar (Hospedagem_Reserva_idReserva, Hospede_cpf_passaporte) VALUES
(3, "234.567.890-11"),    -- Checked-in, Reserva 3
(5, "444.555.666-77"),    -- Checked-out, Reserva 5
(8, "777.888.999-00"),    -- Checked-in, Reserva 8
(10, "999.000.111-22"),   -- Checked-out, Reserva 10
(12, "IT00948373638"),    -- Checked-in, Reserva 12
(13, "123.456.789-00"),   -- Checked-in, Reserva 13
(15, "333.444.555-77"),   -- Checked-out, Reserva 15
(18, "666.777.888-00"),   -- Checked-in, Reserva 18
(20, "888.999.000-22"),   -- Checked-out, Reserva 20
(23, "234.567.890-11"),   -- Checked-in, Reserva 23
(25, "456.789.012-33"),   -- Checked-out, Reserva 25
(28, "789.012.345-66"),   -- Checked-in, Reserva 28
(30, "901.234.456-88"),   -- Checked-out, Reserva 30
(31, "FR29685710293"),    -- Checked-in, Reserva 31
(33, "222.333.444-77"),   -- Checked-in, Reserva 33
(35, "444.555.666-99"),   -- Checked-out, Reserva 35
(37, "666.777.888-11"),   -- Checked-in, Reserva 37
(38, "777.888.999-22"),   -- Checked-in, Reserva 38
(40, "999.000.111-33"),   -- Checked-out, Reserva 40
(43, "222.333.444-88"),   -- Checked-in, Reserva 43
(45, "444.555.666-00"),   -- Checked-out, Reserva 45
(46, "555.666.777-11"),   -- Checked-in, Reserva 46
(48, "888.999.000-44"),   -- Checked-out, Reserva 48
(50, "FR39648720194"),    -- Checked-out, Reserva 50
(51, "IT39548572194"),    -- Checked-in, Reserva 51
(53, "234.567.890-11"),   -- Checked-in, Reserva 53
(55, "456.789.012-33"),   -- Checked-out, Reserva 55
(57, "678.901.234-55"),   -- Checked-in, Reserva 57
(58, "789.012.345-66"),   -- Checked-in, Reserva 58
(60, "901.234.456-88"),   -- Checked-out, Reserva 60
(63, "222.333.444-55"),   -- Checked-in, Reserva 63
(65, "444.555.666-77"),   -- Checked-out, Reserva 65
(68, "777.888.999-00"),   -- Checked-in, Reserva 68
(70, "999.000.111-22"),   -- Checked-out, Reserva 70
(71, "FR74839201047"),    -- Checked-in, Reserva 71
(73, "234.567.890-11"),   -- Checked-in, Reserva 73
(75, "456.789.012-33"),   -- Checked-out, Reserva 75
(76, "567.890.123-44"),   -- Checked-in, Reserva 76
(78, "789.012.345-66");   -- Checked-in, Reserva 78



-- SQL: INSERT DE INCIDENTES

INSERT INTO incidente (valor, momento, descricao, Hospedagem_Reserva_idReserva) VALUES
(1800.00, "2024-05-17 16:00:00", "Hóspede quebrou a mesa de vidro da sala", 5),     -- CheckOut: 2024-05-17 14:00
(2500.00, "2024-10-13 09:30:00", "Dano à TV de 50 polegadas por queda", 10),      -- CheckOut: 2024-10-12 14:00 (+1 dia)
(900.00, "2025-03-19 14:00:00", "Cadeira da varanda quebrada", 15),               -- CheckOut: 2025-03-17 14:00 (+2 dias)
(3200.00, "2024-05-10 12:00:00", "Porta do quarto arranhada e quebrada", 65),    -- CheckOut: 2024-05-10 14:00 (mesmo dia)
(1200.00, "2025-03-07 10:00:00", "Espelho do banheiro rachado", 75);             -- CheckOut: 2025-03-07 14:00 (mesmo dia)



-- SQL: INSERT DE OCORRÊNCIA

INSERT INTO ocorrencia (dataHoraIni, dataHoraFim, tipo, obs, Funcionario_cpf) VALUES
("2020-03-15 08:30:00", "2020-03-15 09:00:00", "Advertência", "Atraso de 30 min sem justificativa", "123.456.789-01"),
("2021-07-22 14:00:00", "2021-07-23 14:00:00", "Suspensão", "Comportamento inadequado com colega", "234.567.890-12"),
("2022-11-10 09:15:00", "2022-11-10 10:00:00", "Advertência", "Uso indevido de celular no trabalho", "456.789.012-34"),
("2023-05-05 07:45:00", "2023-05-06 07:45:00", "Suspensão", "Falta injustificada no expediente", "678.901.234-56"),
("2025-02-18 16:00:00", "2025-02-18 17:00:00", "Advertência", "Erro recorrente no atendimento", "890.123.456-78");


-- SQL: INSERT DE RESERVA_UH

INSERT INTO reserva_uh (Reserva_idReserva, UH_idUH) VALUES
(1, 1),    -- "2024-01-10" a "2024-01-15" -> Quarto 1001 (BL 1)
(2, 2),    -- "2024-02-05" a "2024-02-09" -> Quarto 2001 (BL 2)
(3, 3),    -- "2024-03-15" a "2024-03-22" -> Quarto 1002 (BL 1)
(4, 4),    -- "2024-04-01" a "2024-04-03" -> Quarto 2002 (BL 2)
(5, 5),    -- "2024-05-10" a "2024-05-17" -> Quarto 1003 (BL 1)
(6, 6),    -- "2024-06-20" a "2024-06-25" -> Quarto 2003 (BL 2)
(7, 7),    -- "2024-07-01" a "2024-07-05" -> Quarto 1004 (BL 1)
(8, 8),    -- "2024-08-15" a "2024-08-20" -> Quarto 2004 (BL 2)
(9, 9),    -- "2024-09-10" a "2024-09-15" -> Quarto 1005 (BL 1)
(10, 10),  -- "2024-10-05" a "2024-10-12" -> Quarto 2005 (BL 2)
(11, 11),  -- "2024-11-01" a "2024-11-04" -> Quarto 1006 (BL 1)
(12, 12),  -- "2024-12-10" a "2024-12-15" -> Quarto 2006 (BL 2)
(13, 1),   -- "2025-01-15" a "2025-01-20" -> Quarto 1001 (BL 1)
(14, 2),   -- "2025-02-01" a "2025-02-05" -> Quarto 2001 (BL 2)
(15, 3),   -- "2025-03-10" a "2025-03-17" -> Quarto 1002 (BL 1)
(16, 4),   -- "2025-04-01" a "2025-04-12" -> Quarto 2002 (BL 2)
(17, 5),   -- "2025-05-05" a "2025-05-10" -> Quarto 1003 (BL 1)
(18, 6),   -- "2025-06-15" a "2025-06-20" -> Quarto 2003 (BL 2)
(19, 7),   -- "2025-07-01" a "2025-07-03" -> Quarto 1004 (BL 1)
(20, 8),   -- "2025-08-10" a "2025-08-15" -> Quarto 2004 (BL 2)
(21, 13),  -- "2024-02-20" a "2024-02-25" -> Quarto 1007 (BL 1)
(22, 14),  -- "2024-03-01" a "2024-03-07" -> Quarto 2007 (BL 2)
(23, 15),  -- "2024-04-15" a "2024-04-22" -> Quarto 1008 (BL 1)
(24, 16),  -- "2024-05-01" a "2024-05-04" -> Quarto 2008 (BL 2)
(25, 17),  -- "2024-06-10" a "2024-06-15" -> Quarto 1009 (BL 1)
(26, 18),  -- "2024-07-20" a "2024-07-25" -> Quarto 2009 (BL 2)
(27, 19),  -- "2024-08-01" a "2024-08-05" -> Quarto 1010 (BL 1)
(28, 20),  -- "2024-09-15" a "2024-09-22" -> Quarto 2010 (BL 2)
(29, 1),   -- "2024-10-01" a "2024-10-07" -> Quarto 1001 (BL 1)
(30, 2),   -- "2024-11-10" a "2024-11-15" -> Quarto 2001 (BL 2)
(31, 3),   -- "2024-12-01" a "2024-12-05" -> Quarto 1002 (BL 1)
(32, 4),   -- "2025-01-01" a "2025-01-07" -> Quarto 2002 (BL 2)
(33, 5),   -- "2025-02-15" a "2025-02-20" -> Quarto 1003 (BL 1)
(34, 6),   -- "2025-03-01" a "2025-03-05" -> Quarto 2003 (BL 2)
(35, 7),   -- "2025-04-15" a "2025-04-22" -> Quarto 1004 (BL 1)
(36, 8),   -- "2025-05-01" a "2025-05-04" -> Quarto 2004 (BL 2)
(37, 9),   -- "2025-06-10" a "2025-06-15" -> Quarto 1005 (BL 1)
(38, 10),  -- "2025-07-15" a "2025-07-20" -> Quarto 2005 (BL 2)
(39, 11),  -- "2025-08-01" a "2025-08-05" -> Quarto 1006 (BL 1)
(40, 12),  -- "2025-09-10" a "2025-09-17" -> Quarto 2006 (BL 2)
(41, 13),  -- "2024-01-20" a "2024-01-25" -> Quarto 1007 (BL 1)
(42, 14),  -- "2024-02-10" a "2024-02-15" -> Quarto 2007 (BL 2)
(43, 15),  -- "2024-03-01" a "2024-03-07" -> Quarto 1008 (BL 1)
(44, 16),  -- "2024-04-10" a "2024-04-15" -> Quarto 2008 (BL 2)
(45, 17),  -- "2024-05-15" a "2024-05-20" -> Quarto 1009 (BL 1)
(46, 18),  -- "2024-06-01" a "2024-06-10" -> Quarto 2009 (BL 2)
(47, 19),  -- "2024-07-10" a "2024-07-15" -> Quarto 1010 (BL 1)
(48, 20),  -- "2024-08-20" a "2024-08-25" -> Quarto 2010 (BL 2)
(49, 1),   -- "2024-09-01" a "2024-09-05" -> Quarto 1001 (BL 1)
(50, 2),   -- "2024-10-15" a "2024-10-20" -> Quarto 2001 (BL 2)
(51, 3),   -- "2024-11-20" a "2024-11-25" -> Quarto 1002 (BL 1)
(52, 4),   -- "2024-12-15" a "2024-12-20" -> Quarto 2002 (BL 2)
(53, 5),   -- "2025-01-10" a "2025-01-15" -> Quarto 1003 (BL 1)
(54, 6),   -- "2025-02-20" a "2025-02-25" -> Quarto 2003 (BL 2)
(55, 7),   -- "2025-03-15" a "2025-03-20" -> Quarto 1004 (BL 1)
(56, 8),   -- "2025-04-10" a "2025-04-15" -> Quarto 2004 (BL 2)
(57, 9),   -- "2025-05-15" a "2025-05-20" -> Quarto 1005 (BL 1)
(58, 10),  -- "2025-06-01" a "2025-06-10" -> Quarto 2005 (BL 2)
(59, 11),  -- "2025-07-10" a "2025-07-15" -> Quarto 1006 (BL 1)
(60, 12),  -- "2025-08-20" a "2025-08-25" -> Quarto 2006 (BL 2)
(61, 13),  -- "2024-01-15" a "2024-01-20" -> Quarto 1007 (BL 1)
(62, 14),  -- "2024-02-01" a "2024-02-05" -> Quarto 2007 (BL 2)
(63, 15),  -- "2024-03-10" a "2024-03-15" -> Quarto 1008 (BL 1)
(64, 16),  -- "2024-04-20" a "2024-04-25" -> Quarto 2008 (BL 2)
(65, 17),  -- "2024-05-01" a "2024-05-10" -> Quarto 1009 (BL 1)
(66, 18),  -- "2024-06-15" a "2024-06-20" -> Quarto 2009 (BL 2)
(67, 19),  -- "2024-07-01" a "2024-07-05" -> Quarto 1010 (BL 1)
(68, 20),  -- "2024-08-10" a "2024-08-15" -> Quarto 2010 (BL 2)
(69, 1),   -- "2024-09-20" a "2024-09-25" -> Quarto 1001 (BL 1)
(70, 2),   -- "2024-10-01" a "2024-10-07" -> Quarto 2001 (BL 2)
(71, 3),   -- "2024-11-15" a "2024-11-20" -> Quarto 1002 (BL 1)
(72, 4),   -- "2024-12-01" a "2024-12-05" -> Quarto 2002 (BL 2)
(73, 5),   -- "2025-01-20" a "2025-01-25" -> Quarto 1003 (BL 1)
(74, 6),   -- "2025-02-10" a "2025-02-15" -> Quarto 2003 (BL 2)
(75, 7),   -- "2025-03-01" a "2025-03-07" -> Quarto 1004 (BL 1)
(76, 8),   -- "2025-04-20" a "2025-04-25" -> Quarto 2004 (BL 2)
(77, 9),   -- "2025-05-01" a "2025-05-10" -> Quarto 1005 (BL 1)
(78, 10),  -- "2025-06-20" a "2025-06-25" -> Quarto 2005 (BL 2)
(79, 11),  -- "2025-07-01" a "2025-07-05" -> Quarto 1006 (BL 1)
(80, 12);  -- "2025-08-15" a "2025-08-20" -> Quarto 2006 (BL 2)



-- SQL: INSERT DE TRABALHAR

INSERT INTO trabalhar (Funcionario_cpf, Departamento_idDepartamento, Cargo_cbo, dataInicio, dataFim) VALUES

-- Funcionários sem movimentação
("990.011.122-33", 11, 241005, "2020-03-01 00:00:00", NULL),
("074.740.774-00", 9, 354810, "2020-05-15 00:00:00", NULL),
("345.678.901-23", 9, 354810, "2020-07-10 00:00:00", NULL),
("055.550.000-55", 7, 252105, "2020-09-01 00:00:00", NULL),
("101.112.223-44", 4, 252405, "2020-11-20 00:00:00", NULL),
("126.621.666-11", 3, 513505, "2020-02-15 00:00:00", NULL),
("147.471.771-41", 3, 513505, "2021-01-10 00:00:00", NULL),
("223.344.455-66", 2, 841484, "2020-04-05 00:00:00", NULL),
("234.567.890-12", 2, 841484, "2020-06-20 00:00:00", NULL),
("334.455.566-77", 2, 513315, "2020-08-15 00:00:00", NULL),
("445.566.677-88", 2, 513315, "2022-03-01 00:00:00", NULL),
("678.901.234-56", 3, 510120, "2020-10-10 00:00:00", NULL),
("778.899.900-11", 6, 252210, "2020-12-01 00:00:00", NULL),
("456.789.012-34", 4, 142205, "2021-06-15 00:00:00", NULL),
("567.890.123-45", 5, 123105, "2019-09-01 00:00:00", NULL),
("667.788.899-00", 6, 123110, "2020-01-20 00:00:00", NULL),
("901.234.567-89", 10, 141505, "2023-02-10 00:00:00", NULL),
("789.012.345-67", 1, 422120, "2020-03-25 00:00:00", NULL),
("889.900.011-22", 1, 422120, "2020-05-10 00:00:00", NULL),
("112.233.344-55", 1, 510115, "2021-08-01 00:00:00", NULL),
("556.677.788-99", 2, 510135, "2024-01-15 00:00:00", NULL),

-- Funcionários com movimentação
("012.345.678-90", 7, 252105, "2020-02-01 00:00:00", "2022-06-30 00:00:00"), -- Anterior: Depto 7
("012.345.678-90", 9, 354810, "2022-07-01 00:00:00", NULL),                    -- Atual: Depto 9
("123.456.789-01", 4, 252405, "2019-11-01 00:00:00", "2021-12-31 00:00:00"),  -- Anterior: Depto 4
("123.456.789-01", 6, 413110, "2022-01-01 00:00:00", NULL),                    -- Atual: Depto 6
("890.123.456-78", 1, 422120, "2020-04-01 00:00:00", "2023-03-31 00:00:00"),  -- Anterior: Depto 1
("890.123.456-78", 2, 513425, "2023-04-01 00:00:00", NULL);                    -- Atual: Depto 2


-- SQL: UPDATE FG DO FUNCIONÁRIO

-- ALGUNS FUNCIONÁRIOS RECEBEM O MESMO VALOR DEPENDENDO DO DEPARTAMENTO

UPDATE funcionario
SET fg = CASE 
        WHEN cpf IN ('112.233.344-55', '556.677.788-99') THEN 2400.00
        WHEN cpf IN ('456.789.012-34', '567.890.123-45', '667.788.899-00') THEN 3000.00
	WHEN cpf = '990.011.122-33' THEN 3500.00
         END
WHERE cpf IN ('112.233.344-55', '556.677.788-99', '456.789.012-34', '567.890.123-45', '667.788.899-00', '990.011.122-33');
